Program,Version,Program build date,Command line,Start time,Stop time,Elapsed time (seconds),Status
"GroundFilter",1.90,"Sep  5 2024 15:15:47"," /class:2 C:\Users\dierabfr\Downloads\new\groundfilter_PNOA_2019_CYL_NE_498-4658_000-000-RGB.lda 10 C:\Users\dierabfr\Downloads\new\PNOA_2019_CYL_NE_498-4658_000-000-RGB.laz","Thu Feb  5 14:15:07 2026","Thu Feb  5 14:15:07 2026",0,Errors
"GridSurfaceCreate",2.10,"Sep  5 2024 15:15:30"," C:\Users\dierabfr\Downloads\new\groundfilter_PNOA_2019_CYL_NE_498-4658_000-000-RGB.dtm 10 M M 0 0 0 0 C:\Users\dierabfr\Downloads\new\groundfilter_PNOA_2019_CYL_NE_498-4658_000-000-RGB.las","Thu Feb  5 14:15:07 2026","Thu Feb  5 14:15:07 2026",0,Errors
"GridMetrics",3.74,"Sep  5 2024 15:12:29"," /minht:2 /nointensity C:\Users\dierabfr\Downloads\new\groundfilter_PNOA_2019_CYL_NE_498-4658_000-000-RGB.dtm 2 10 C:\Users\dierabfr\Downloads\new\metric.csv C:\Users\dierabfr\Downloads\new\PNOA_2019_CYL_NE_498-4658_000-000-RGB.laz","Thu Feb  5 14:15:08 2026","Thu Feb  5 14:15:58 2026",50,Errors
"GroundFilter",1.90,"Sep  5 2024 15:15:47"," /class:2 C:/Users/dierabfr/Downloads/new2\groundfilter_PNOA_2019_CYL-NE_532-4632_000-000-IRC.lda 10 C:/Users/dierabfr/Downloads/new2\PNOA_2019_CYL-NE_532-4632_000-000-IRC.laz","Thu Feb  5 14:21:03 2026","Thu Feb  5 14:21:03 2026",0,Errors
"GridSurfaceCreate",2.10,"Sep  5 2024 15:15:30"," C:/Users/dierabfr/Downloads/new2\groundfilter_PNOA_2019_CYL-NE_532-4632_000-000-IRC.dtm 10 M M 0 0 0 0 C:/Users/dierabfr/Downloads/new2\groundfilter_PNOA_2019_CYL-NE_532-4632_000-000-IRC.las","Thu Feb  5 14:21:03 2026","Thu Feb  5 14:21:03 2026",0,Errors
"GridMetrics",3.74,"Sep  5 2024 15:12:29"," /minht:2 /nointensity C:/Users/dierabfr/Downloads/new2\groundfilter_PNOA_2019_CYL-NE_532-4632_000-000-IRC.dtm 2 10 C:/Users/dierabfr/Downloads/new2\metric.csv C:/Users/dierabfr/Downloads/new2\PNOA_2019_CYL-NE_532-4632_000-000-IRC.laz","Thu Feb  5 14:21:04 2026","Thu Feb  5 14:21:54 2026",50,Errors
"GroundFilter",1.90,"Sep  5 2024 15:15:47"," /class:2 C:/Users/dierabfr/Downloads/new2\groundfilter_PNOA_2019_CYL-NE_532-4632_000-000-IRC.lda 10 C:/Users/dierabfr/Downloads/new2\PNOA_2019_CYL-NE_532-4632_000-000-IRC.laz","Thu Feb  5 14:23:14 2026","Thu Feb  5 14:23:27 2026",13,Success
"GridSurfaceCreate",2.10,"Sep  5 2024 15:15:30"," C:/Users/dierabfr/Downloads/new2\groundfilter_PNOA_2019_CYL-NE_532-4632_000-000-IRC.dtm 10 M M 0 0 0 0 C:/Users/dierabfr/Downloads/new2\groundfilter_PNOA_2019_CYL-NE_532-4632_000-000-IRC.las","Thu Feb  5 14:23:28 2026","Thu Feb  5 14:23:29 2026",1,Success
"GridMetrics",3.74,"Sep  5 2024 15:12:29"," /minht:2 /nointensity C:/Users/dierabfr/Downloads/new2\groundfilter_PNOA_2019_CYL-NE_532-4632_000-000-IRC.dtm 2 10 C:/Users/dierabfr/Downloads/new2\metric.csv C:/Users/dierabfr/Downloads/new2\PNOA_2019_CYL-NE_532-4632_000-000-IRC.laz","Thu Feb  5 14:23:29 2026","Thu Feb  5 14:23:39 2026",10,Success
"CSV2GRID",1.34,"Sep  5 2024 15:14:28"," C:/Users/dierabfr/Downloads/new2\metric_all_returns_elevation_stats_PNOA_2019_CYL-NE_532-4632_000-000-IRC.csv 37 C:/Users/dierabfr/Downloads/new2\PNOA_2019_CYL-NE_532-4632_000-000-IRC_height_grid.asc","Thu Feb  5 14:23:40 2026","Thu Feb  5 14:23:40 2026",0,Success
"CSV2GRID",1.34,"Sep  5 2024 15:14:28"," C:/Users/dierabfr/Downloads/new2\metric_all_returns_elevation_stats_PNOA_2019_CYL-NE_532-4632_000-000-IRC.csv 27 C:/Users/dierabfr/Downloads/new2\PNOA_2019_CYL-NE_532-4632_000-000-IRC_basecopa.asc","Thu Feb  5 14:23:41 2026","Thu Feb  5 14:23:41 2026",0,Success
"CSV2GRID",1.34,"Sep  5 2024 15:14:28"," C:/Users/dierabfr/Downloads/new2\metric_all_returns_elevation_stats_PNOA_2019_CYL-NE_532-4632_000-000-IRC.csv 49 C:/Users/dierabfr/Downloads/new2\PNOA_2019_CYL-NE_532-4632_000-000-IRC_cover_grid.asc","Thu Feb  5 14:23:42 2026","Thu Feb  5 14:23:42 2026",0,Success
"CSV2GRID",1.34,"Sep  5 2024 15:14:28"," C:/Users/dierabfr/Downloads/new2\metric_all_returns_elevation_stats_PNOA_2019_CYL-NE_532-4632_000-000-IRC.csv 71 C:/Users/dierabfr/Downloads/new2\PNOA_2019_CYL-NE_532-4632_000-000-IRC_profile.txt","Thu Feb  5 14:23:43 2026","Thu Feb  5 14:23:43 2026",0,Success
"DTM2ASCII",1.42,"Sep  5 2024 15:14:39"," /raster C:/Users/dierabfr/Downloads/new2\groundfilter_PNOA_2019_CYL-NE_532-4632_000-000-IRC.dtm","Thu Feb  5 14:23:44 2026","Thu Feb  5 14:23:44 2026",0,Success
